,Name,Mean,Mean without backgroud,Dice Coefficient (label 1),Dice Coefficient (label 0)
0,1178184813,0.978197531512605,0.6108328695395113,0.7584062643496094,0.9885836345434919
1,1112425214,0.9813619351311953,0.6618195067164497,0.7964998654085165,0.990233733697066
2,1103364672,0.9819591237942122,0.6678631841127346,0.8008608745303323,0.990551575018514
3,1112441303,0.9791339169381108,0.6647637251862056,0.7986283159934315,0.9889968886593241
4,1132400990,0.980363106187291,0.6634697157169909,0.7976937715767447,0.9896807322161165
5,1105185175,0.9796483474576271,0.6658474590126582,0.7994098804308333,0.9892803729536306
6,1082205524,0.9807887543252595,0.6616541668396494,0.7963801133157203,0.9899188039327841
7,1126357612,0.941146214157706,0.2446016957144796,0.3930601999928384,0.9690736738776767
8,1132388375,0.9806513443396226,0.6744660461923364,0.8055893969615486,0.9898190439027833
