,Name,Mean,Mean without backgroud,Dice Coefficient (label 1),Dice Coefficient (label 0)
0,1178184813,0.9803453956582633,0.6312261955402412,0.7739284683706138,0.9897260923025963
1,1112425214,0.9810061406705539,0.6617136637260849,0.7964232083670957,0.9900383561081436
2,1103364672,0.9821669413183279,0.6696978167902391,0.8021784661342369,0.9906626004144294
3,1112441303,0.9800635993485342,0.6703558009442874,0.8026503102696096,0.9895015177448746
4,1132400990,0.9815821279264214,0.6790945706800772,0.8088818611390377,0.9903248725797453
5,1105185175,0.9792359957627119,0.654448417648548,0.7911378930492247,0.9890749410944669
6,1082205524,0.9810823313148789,0.6585778151084702,0.794147623475115,0.9900856030858507
7,1126357612,0.9603103494623656,0.2862131563489806,0.4450477822220691,0.9794192157527368
8,1132388375,0.9799089858490566,0.6626451964723955,0.7970975381618615,0.9894312439054429
